{
  "theta":{
    "0":0.0,
    "1":0.0,
    "2":0.0,
    "3":0.0,
    "4":0.0,
    "5":0.0,
    "6":0.0,
    "7":0.0,
    "8":0.0,
    "9":0.0,
    "10":0.0,
    "11":0.0,
    "12":1.0471975512,
    "13":1.0471975512,
    "14":1.0471975512,
    "15":1.0471975512,
    "16":1.0471975512,
    "17":1.0471975512,
    "18":1.0471975512,
    "19":1.0471975512,
    "20":1.0471975512,
    "21":1.0471975512,
    "22":1.0471975512,
    "23":1.0471975512,
    "24":2.0943951024,
    "25":2.0943951024,
    "26":2.0943951024,
    "27":2.0943951024,
    "28":2.0943951024,
    "29":2.0943951024,
    "30":2.0943951024,
    "31":2.0943951024,
    "32":2.0943951024,
    "33":2.0943951024,
    "34":2.0943951024,
    "35":2.0943951024,
    "36":3.1415926536,
    "37":3.1415926536,
    "38":3.1415926536,
    "39":3.1415926536,
    "40":3.1415926536,
    "41":3.1415926536,
    "42":3.1415926536,
    "43":3.1415926536,
    "44":3.1415926536,
    "45":3.1415926536,
    "46":3.1415926536,
    "47":3.1415926536
  },
  "phi":{
    "0":0.0,
    "1":0.0,
    "2":0.0,
    "3":1.5707963268,
    "4":1.5707963268,
    "5":1.5707963268,
    "6":3.1415926536,
    "7":3.1415926536,
    "8":3.1415926536,
    "9":4.7123889804,
    "10":4.7123889804,
    "11":4.7123889804,
    "12":0.0,
    "13":0.0,
    "14":0.0,
    "15":1.5707963268,
    "16":1.5707963268,
    "17":1.5707963268,
    "18":3.1415926536,
    "19":3.1415926536,
    "20":3.1415926536,
    "21":4.7123889804,
    "22":4.7123889804,
    "23":4.7123889804,
    "24":0.0,
    "25":0.0,
    "26":0.0,
    "27":1.5707963268,
    "28":1.5707963268,
    "29":1.5707963268,
    "30":3.1415926536,
    "31":3.1415926536,
    "32":3.1415926536,
    "33":4.7123889804,
    "34":4.7123889804,
    "35":4.7123889804,
    "36":0.0,
    "37":0.0,
    "38":0.0,
    "39":1.5707963268,
    "40":1.5707963268,
    "41":1.5707963268,
    "42":3.1415926536,
    "43":3.1415926536,
    "44":3.1415926536,
    "45":4.7123889804,
    "46":4.7123889804,
    "47":4.7123889804
  },
  "axis":{
    "0":"Z",
    "1":"X",
    "2":"Y",
    "3":"Z",
    "4":"X",
    "5":"Y",
    "6":"Z",
    "7":"X",
    "8":"Y",
    "9":"Z",
    "10":"X",
    "11":"Y",
    "12":"Z",
    "13":"X",
    "14":"Y",
    "15":"Z",
    "16":"X",
    "17":"Y",
    "18":"Z",
    "19":"X",
    "20":"Y",
    "21":"Z",
    "22":"X",
    "23":"Y",
    "24":"Z",
    "25":"X",
    "26":"Y",
    "27":"Z",
    "28":"X",
    "29":"Y",
    "30":"Z",
    "31":"X",
    "32":"Y",
    "33":"Z",
    "34":"X",
    "35":"Y",
    "36":"Z",
    "37":"X",
    "38":"Y",
    "39":"Z",
    "40":"X",
    "41":"Y",
    "42":"Z",
    "43":"X",
    "44":"Y",
    "45":"Z",
    "46":"X",
    "47":"Y"
  },
  "shots":{
    "0":4000,
    "1":4000,
    "2":4000,
    "3":4000,
    "4":4000,
    "5":4000,
    "6":4000,
    "7":4000,
    "8":4000,
    "9":4000,
    "10":4000,
    "11":4000,
    "12":4000,
    "13":4000,
    "14":4000,
    "15":4000,
    "16":4000,
    "17":4000,
    "18":4000,
    "19":4000,
    "20":4000,
    "21":4000,
    "22":4000,
    "23":4000,
    "24":4000,
    "25":4000,
    "26":4000,
    "27":4000,
    "28":4000,
    "29":4000,
    "30":4000,
    "31":4000,
    "32":4000,
    "33":4000,
    "34":4000,
    "35":4000,
    "36":4000,
    "37":4000,
    "38":4000,
    "39":4000,
    "40":4000,
    "41":4000,
    "42":4000,
    "43":4000,
    "44":4000,
    "45":4000,
    "46":4000,
    "47":4000
  },
  "counts":{
    "0":{
      "000":954,
      "001":948,
      "111":886,
      "110":856,
      "010":59,
      "101":121,
      "100":121,
      "011":55
    },
    "1":{
      "111":445,
      "001":565,
      "100":550,
      "101":497,
      "011":473,
      "010":459,
      "110":445,
      "000":566
    },
    "2":{
      "101":483,
      "111":479,
      "011":435,
      "001":631,
      "100":483,
      "010":368,
      "000":598,
      "110":523
    },
    "3":{
      "100":141,
      "111":841,
      "001":924,
      "101":157,
      "000":970,
      "110":860,
      "010":49,
      "011":58
    },
    "4":{
      "101":517,
      "011":423,
      "110":444,
      "100":514,
      "001":582,
      "010":467,
      "111":474,
      "000":579
    },
    "5":{
      "010":413,
      "111":518,
      "011":398,
      "100":511,
      "001":593,
      "000":602,
      "101":450,
      "110":515
    },
    "6":{
      "001":952,
      "101":130,
      "000":945,
      "111":875,
      "110":829,
      "100":151,
      "011":61,
      "010":57
    },
    "7":{
      "000":573,
      "100":544,
      "101":515,
      "111":447,
      "001":567,
      "011":456,
      "010":465,
      "110":433
    },
    "8":{
      "101":523,
      "110":481,
      "011":412,
      "010":420,
      "000":564,
      "100":498,
      "111":512,
      "001":590
    },
    "9":{
      "110":817,
      "111":893,
      "000":949,
      "001":963,
      "101":139,
      "010":56,
      "100":116,
      "011":67
    },
    "10":{
      "001":573,
      "111":452,
      "000":569,
      "010":468,
      "101":531,
      "100":519,
      "011":478,
      "110":410
    },
    "11":{
      "101":526,
      "010":374,
      "011":390,
      "110":536,
      "100":463,
      "001":618,
      "111":512,
      "000":581
    },
    "12":{
      "000":782,
      "001":708,
      "111":729,
      "110":631,
      "010":272,
      "011":249,
      "100":310,
      "101":319
    },
    "13":{
      "101":855,
      "000":1058,
      "010":772,
      "111":837,
      "001":143,
      "011":112,
      "110":101,
      "100":122
    },
    "14":{
      "000":563,
      "101":413,
      "001":569,
      "011":425,
      "110":500,
      "111":506,
      "100":623,
      "010":401
    },
    "15":{
      "000":721,
      "001":803,
      "011":235,
      "101":267,
      "111":665,
      "100":416,
      "010":314,
      "110":579
    },
    "16":{
      "010":461,
      "101":543,
      "000":585,
      "100":448,
      "001":537,
      "110":464,
      "011":484,
      "111":478
    },
    "17":{
      "110":838,
      "000":867,
      "011":730,
      "101":838,
      "111":185,
      "001":260,
      "100":201,
      "010":81
    },
    "18":{
      "100":345,
      "110":659,
      "111":630,
      "000":699,
      "011":266,
      "101":333,
      "001":818,
      "010":250
    },
    "19":{
      "110":789,
      "100":876,
      "001":1015,
      "101":148,
      "010":84,
      "011":829,
      "111":118,
      "000":141
    },
    "20":{
      "101":575,
      "001":597,
      "100":429,
      "011":392,
      "000":553,
      "111":547,
      "110":463,
      "010":444
    },
    "21":{
      "110":687,
      "111":593,
      "100":234,
      "000":816,
      "001":723,
      "011":337,
      "101":409,
      "010":201
    },
    "22":{
      "100":522,
      "000":541,
      "001":605,
      "101":525,
      "110":423,
      "010":461,
      "011":457,
      "111":466
    },
    "23":{
      "010":778,
      "001":901,
      "101":184,
      "111":849,
      "100":835,
      "011":83,
      "110":164,
      "000":206
    },
    "24":{
      "101":702,
      "111":283,
      "011":698,
      "100":708,
      "010":676,
      "001":301,
      "110":251,
      "000":381
    },
    "25":{
      "000":985,
      "101":871,
      "010":809,
      "001":128,
      "111":883,
      "100":105,
      "011":97,
      "110":122
    },
    "26":{
      "010":476,
      "100":601,
      "111":426,
      "011":536,
      "001":453,
      "101":522,
      "000":514,
      "110":472
    },
    "27":{
      "010":734,
      "101":645,
      "001":390,
      "110":206,
      "100":769,
      "011":661,
      "000":280,
      "111":315
    },
    "28":{
      "011":506,
      "110":516,
      "101":493,
      "000":570,
      "001":555,
      "111":467,
      "100":461,
      "010":432
    },
    "29":{
      "011":855,
      "000":829,
      "101":891,
      "110":750,
      "111":116,
      "001":169,
      "010":170,
      "100":220
    },