{
  "theta":{
    "0":0.0,
    "1":0.0,
    "2":0.0,
    "3":0.0,
    "4":0.0,
    "5":0.0,
    "6":0.0,
    "7":0.0,
    "8":0.0,
    "9":0.0,
    "10":0.0,
    "11":0.0,
    "12":1.0471975512,
    "13":1.0471975512,
    "14":1.0471975512,
    "15":1.0471975512,
    "16":1.0471975512,
    "17":1.0471975512,
    "18":1.0471975512,
    "19":1.0471975512,
    "20":1.0471975512,
    "21":1.0471975512,
    "22":1.0471975512,
    "23":1.0471975512,
    "24":2.0943951024,
    "25":2.0943951024,
    "26":2.0943951024,
    "27":2.0943951024,
    "28":2.0943951024,
    "29":2.0943951024,
    "30":2.0943951024,
    "31":2.0943951024,
    "32":2.0943951024,
    "33":2.0943951024,
    "34":2.0943951024,
    "35":2.0943951024,
    "36":3.1415926536,
    "37":3.1415926536,
    "38":3.1415926536,
    "39":3.1415926536,
    "40":3.1415926536,
    "41":3.1415926536,
    "42":3.1415926536,
    "43":3.1415926536,
    "44":3.1415926536,
    "45":3.1415926536,
    "46":3.1415926536,
    "47":3.1415926536
  },
  "phi":{
    "0":0.0,
    "1":0.0,
    "2":0.0,
    "3":1.5707963268,
    "4":1.5707963268,
    "5":1.5707963268,
    "6":3.1415926536,
    "7":3.1415926536,
    "8":3.1415926536,
    "9":4.7123889804,
    "10":4.7123889804,
    "11":4.7123889804,
    "12":0.0,
    "13":0.0,
    "14":0.0,
    "15":1.5707963268,
    "16":1.5707963268,
    "17":1.5707963268,
    "18":3.1415926536,
    "19":3.1415926536,
    "20":3.1415926536,
    "21":4.7123889804,
    "22":4.7123889804,
    "23":4.7123889804,
    "24":0.0,
    "25":0.0,
    "26":0.0,
    "27":1.5707963268,
    "28":1.5707963268,
    "29":1.5707963268,
    "30":3.1415926536,
    "31":3.1415926536,
    "32":3.1415926536,
    "33":4.7123889804,
    "34":4.7123889804,
    "35":4.7123889804,
    "36":0.0,
    "37":0.0,
    "38":0.0,
    "39":1.5707963268,
    "40":1.5707963268,
    "41":1.5707963268,
    "42":3.1415926536,
    "43":3.1415926536,
    "44":3.1415926536,
    "45":4.7123889804,
    "46":4.7123889804,
    "47":4.7123889804
  },
  "axis":{
    "0":"Z",
    "1":"X",
    "2":"Y",
    "3":"Z",
    "4":"X",
    "5":"Y",
    "6":"Z",
    "7":"X",
    "8":"Y",
    "9":"Z",
    "10":"X",
    "11":"Y",
    "12":"Z",
    "13":"X",
    "14":"Y",
    "15":"Z",
    "16":"X",
    "17":"Y",
    "18":"Z",
    "19":"X",
    "20":"Y",
    "21":"Z",
    "22":"X",
    "23":"Y",
    "24":"Z",
    "25":"X",
    "26":"Y",
    "27":"Z",
    "28":"X",
    "29":"Y",
    "30":"Z",
    "31":"X",
    "32":"Y",
    "33":"Z",
    "34":"X",
    "35":"Y",
    "36":"Z",
    "37":"X",
    "38":"Y",
    "39":"Z",
    "40":"X",
    "41":"Y",
    "42":"Z",
    "43":"X",
    "44":"Y",
    "45":"Z",
    "46":"X",
    "47":"Y"
  },
  "shots":{
    "0":4000,
    "1":4000,
    "2":4000,
    "3":4000,
    "4":4000,
    "5":4000,
    "6":4000,
    "7":4000,
    "8":4000,
    "9":4000,
    "10":4000,
    "11":4000,
    "12":4000,
    "13":4000,
    "14":4000,
    "15":4000,
    "16":4000,
    "17":4000,
    "18":4000,
    "19":4000,
    "20":4000,
    "21":4000,
    "22":4000,
    "23":4000,
    "24":4000,
    "25":4000,
    "26":4000,
    "27":4000,
    "28":4000,
    "29":4000,
    "30":4000,
    "31":4000,
    "32":4000,
    "33":4000,
    "34":4000,
    "35":4000,
    "36":4000,
    "37":4000,
    "38":4000,
    "39":4000,
    "40":4000,
    "41":4000,
    "42":4000,
    "43":4000,
    "44":4000,
    "45":4000,
    "46":4000,
    "47":4000
  },
  "counts":{
    "0":{
      "1 11":977,
      "0 01":1020,
      "1 10":1004,
      "0 00":999
    },
    "1":{
      "1 01":501,
      "0 00":487,
      "0 10":501,
      "1 00":511,
      "0 01":494,
      "1 10":494,
      "0 11":480,
      "1 11":532
    },
    "2":{
      "1 01":489,
      "0 11":499,
      "1 11":462,
      "1 00":515,
      "1 10":499,
      "0 01":505,
      "0 00":501,
      "0 10":530
    },
    "3":{
      "1 11":956,
      "1 10":1050,
      "0 00":999,
      "0 01":995
    },
    "4":{
      "1 01":477,
      "1 00":519,
      "1 10":508,
      "0 01":525,
      "0 11":544,
      "1 11":498,
      "0 10":486,
      "0 00":443
    },
    "5":{
      "1 01":490,
      "0 00":493,
      "0 10":477,
      "0 11":505,
      "1 11":512,
      "1 10":504,
      "1 00":512,
      "0 01":507
    },
    "6":{
      "1 11":965,
      "0 00":1052,
      "1 10":1003,
      "0 01":980
    },
    "7":{
      "1 00":499,
      "1 10":522,
      "0 01":484,
      "0 00":543,
      "0 10":472,
      "1 01":517,
      "1 11":470,
      "0 11":493
    },
    "8":{
      "1 01":487,
      "1 10":484,
      "0 01":524,
      "1 00":508,
      "0 10":523,
      "0 00":477,
      "1 11":504,
      "0 11":493
    },
    "9":{
      "1 11":995,
      "1 10":985,
      "0 00":1033,
      "0 01":987
    },
    "10":{
      "0 01":492,
      "1 10":539,
      "1 00":501,
      "0 11":451,
      "1 11":478,
      "1 01":519,
      "0 10":483,
      "0 00":537
    },
    "11":{
      "1 01":498,
      "0 11":478,
      "1 11":508,
      "0 10":526,
      "0 00":473,
      "1 10":488,
      "1 00":509,
      "0 01":520
    },
    "12":{
      "1 01":259,
      "0 10":230,
      "0 00":740,
      "1 11":779,
      "0 11":245,
      "1 00":229,
      "1 10":755,
      "0 01":763
    },
    "13":{
      "0 01":67,
      "1 10":76,
      "1 00":76,
      "0 11":65,
      "1 11":928,
      "1 01":925,
      "0 10":909,
      "0 00":954
    },
    "14":{
      "1 10":477,
      "1 00":493,
      "0 01":506,
      "1 01":522,
      "0 10":526,
      "0 00":493,
      "1 11":503,
      "0 11":480
    },
    "15":{
      "1 01":236,
      "0 11":236,
      "1 11":744,
      "1 10":725,
      "1 00":242,
      "0 01":782,
      "0 00":769,
      "0 10":266
    },
    "16":{
      "1 01":483,
      "0 01":494,
      "1 10":530,
      "1 00":506,
      "0 11":495,
      "1 11":479,
      "0 00":521,
      "0 10":492
    },
    "17":{
      "1 00":60,
      "0 01":54,
      "1 10":965,
      "0 10":63,
      "0 00":938,
      "1 01":933,
      "1 11":70,
      "0 11":917
    },
    "18":{
      "1 01":248,
      "1 10":773,
      "1 00":259,
      "0 01":743,
      "0 11":239,
      "1 11":751,
      "0 10":253,
      "0 00":734
    },
    "19":{
      "1 01":63,
      "1 10":936,
      "1 00":917,
      "0 01":935,
      "0 00":63,
      "0 10":65,
      "1 11":64,
      "0 11":957
    },
    "20":{
      "0 11":481,
      "1 11":487,
      "1 00":543,
      "1 10":531,
      "0 01":512,
      "0 00":491,
      "0 10":462,
      "1 01":493
    },
    "21":{
      "1 01":268,
      "1 11":696,
      "0 11":256,
      "1 10":765,
      "1 00":263,
      "0 01":723,
      "0 10":270,
      "0 00":759
    },
    "22":{
      "0 01":486,
      "1 00":526,
      "1 10":464,
      "0 10":499,
      "0 00":502,
      "1 11":500,
      "0 11":537,
      "1 01":486
    },
    "23":{
      "1 01":61,
      "1 00":970,
      "0 01":959,
      "1 10":70,
      "0 00":59,
      "0 10":913,
      "0 11":56,
      "1 11":912
    },
    "24":{
      "0 00":252,
      "0 10":758,
      "1 10":257,
      "1 00":784,
      "0 01":256,
      "1 11":232,
      "0 11":747,
      "1 01":714
    },
    "25":{
      "1 00":76,
      "1 10":63,
      "0 01":75,
      "1 11":983,
      "0 11":81,
      "0 00":870,
      "0 10":916,
      "1 01":936
    },
    "26":{
      "0 11":507,
      "1 11":494,
      "1 00":539,
      "1 10":470,
      "0 01":499,
      "1 01":463,
      "0 00":518,
      "0 10":510
    },
    "27":{
      "0 01":249,
      "1 10":240,
      "1 00":723,
      "0 00":230,
      "0 10":792,
      "1 01":758,
      "1 11":248,
      "0 11":760
    },
    "28":{
      "1 01":495,
      "1 00":508,
      "0 01":486,
      "1 10":513,
      "0 10":508,
      "0 00":531,
      "1 11":495,
      "0 11":464
    },
    "29":{
      "1 00":56,
      "1 10":955,
      "0 01":84,
      "0 11":920,
      "1 11":75,
      "1 01":938,
      "0 10":65,
      "0 00":907
    },
    "30":{
      "0 11":697,
      "1 11":255,
      "0 00":237,